{
	"info": {
		"_postman_id": "24b38b2b-ca7a-4c40-9780-f902cd6f7078",
		"name": "LifeStyle",
		"schema": "https://schema.getpostman.com/json/collection/v2.1.0/collection.json",
		"_exporter_id": "5476657"
	},
	"item": [
		{
			"name": "create-life-style",
			"request": {
				"method": "POST",
				"header": [],
				"body": {
					"mode": "raw",
					"raw": "{\n    \"value\": 8,\n    \"type\": \"LifeStyleSleepHour\",\n    \"variation\": \"none\",\n    \"life_style_date\": \"2019-12-12\",\n    \"patient_id\": 1,\n    \"uid\": 123456,\n    \"creator_id\": 1,\n    \"creator_type\": \"medic\",\n    \"medic_id\": 1,\n    \"medic_name\": \"john\",\n    \"medical_notes\": \"abc\",\n    \"medic_location\": \"aaaa\",\n    \"medic_speciality\": \"abc\",\n    \"layer_token\": \"aaaaaa\",\n    \"app_token\": \"aaaaaa\",\n    \"local_flag\": true\n}",
					"options": {
						"raw": {
							"language": "json"
						}
					}
				},
				"url": {
					"raw": "http://localhost:3006/auth/life-style",
					"protocol": "http",
					"host": [
						"localhost"
					],
					"port": "3006",
					"path": [
						"auth",
						"life-style"
					]
				}
			},
			"response": []
		},
		{
			"name": "update-life-style",
			"request": {
				"method": "PATCH",
				"header": [],
				"body": {
					"mode": "raw",
					"raw": "{\n     \"value\": 8,\n    \"type\": \"LifeStyleSleepHour\",\n    \"variation\": \"none\",\n    \"life_style_date\": \"2019-12-14\",\n    \"patient_id\": 1,\n    \"uid\": 123456,\n    \"creator_id\": 1,\n    \"creator_type\": \"medic\",\n    \"medic_id\": 1,\n    \"medic_name\": \"john\",\n    \"medical_notes\": \"abc\",\n    \"medic_location\": \"aaaa\",\n    \"medic_speciality\": \"abc\",\n    \"layer_token\": \"aaaaaa\",\n    \"app_token\": \"aaaaaa\",\n    \"local_flag\": false\n}\n",
					"options": {
						"raw": {
							"language": "json"
						}
					}
				},
				"url": {
					"raw": "http://localhost:3006/auth/life-style/183",
					"protocol": "http",
					"host": [
						"localhost"
					],
					"port": "3006",
					"path": [
						"auth",
						"life-style",
						"183"
					]
				}
			},
			"response": []
		},
		{
			"name": "get-life-style",
			"request": {
				"method": "GET",
				"header": [],
				"url": {
					"raw": "http://localhost:3006/auth/life-style",
					"protocol": "http",
					"host": [
						"localhost"
					],
					"port": "3006",
					"path": [
						"auth",
						"life-style"
					]
				}
			},
			"response": []
		}
	]
}