{
	"info": {
		"_postman_id": "9ed371fd-98a5-48be-bfb3-1abf8bd31b40",
		"name": "LinkedCare Sprint 3",
		"schema": "https://schema.getpostman.com/json/collection/v2.1.0/collection.json",
		"_exporter_id": "5476657"
	},
	"item": [
		{
			"name": "Patient Login",
			"request": {
				"method": "POST",
				"header": [],
				"body": {
					"mode": "raw",
					"raw": "{\n   \"mobile_prefix\":\"91\",\n   \"mobile_phone\":\"9612223344\",\n   \"password\":\"Monday@123\",\n   \"user_type\":\"Patient\"\n}\n",
					"options": {
						"raw": {
							"language": "json"
						}
					}
				},
				"url": {
					"raw": "https://stage-api.mylinkcare.org/auth/auth/login",
					"protocol": "https",
					"host": [
						"stage-api",
						"mylinkcare",
						"org"
					],
					"path": [
						"auth",
						"auth",
						"login"
					]
				}
			},
			"response": []
		},
		{
			"name": "Doctor Login",
			"request": {
				"method": "POST",
				"header": [],
				"body": {
					"mode": "raw",
					"raw": "{\n    \"mobile_prefix\":\"91\",\n    \"mobile_phone\":\"9620494748\",\n    \"password\":\"Jack@123\",\n    \"user_type\":\"Doctor\"\n}\n",
					"options": {
						"raw": {
							"language": "json"
						}
					}
				},
				"url": {
					"raw": "http://localhost:3006/auth/auth/login",
					"protocol": "http",
					"host": [
						"localhost"
					],
					"port": "3006",
					"path": [
						"auth",
						"auth",
						"login"
					]
				}
			},
			"response": []
		},
		{
			"name": "Patient Login Doctor",
			"request": {
				"method": "POST",
				"header": [],
				"body": {
					"mode": "raw",
					"raw": "{\n    \"mobile_prefix\":\"91\",\n    \"mobile_phone\":\"9620494748\",\n    \"password\":\"Jack@12345\",\n    \"user_type\":\"doctor\"\n}\n",
					"options": {
						"raw": {
							"language": "json"
						}
					}
				},
				"url": {
					"raw": "https://stage-api.mylinkcare.org/auth/auth/login",
					"protocol": "https",
					"host": [
						"stage-api",
						"mylinkcare",
						"org"
					],
					"path": [
						"auth",
						"auth",
						"login"
					]
				}
			},
			"response": []
		},
		{
			"name": "Patient-list",
			"request": {
				"method": "POST",
				"header": [],
				"body": {
					"mode": "raw",
					"raw": "{\n    \"query\":\"b\",\n    \"skip\": 0,\n    \"take\":10\n}\n",
					"options": {
						"raw": {
							"language": "json"
						}
					}
				},
				"url": {
					"raw": "https://stage-api.mylinkcare.org/auth/patient/patient-list",
					"protocol": "https",
					"host": [
						"stage-api",
						"mylinkcare",
						"org"
					],
					"path": [
						"auth",
						"patient",
						"patient-list"
					]
				}
			},
			"response": []
		},
		{
			"name": "Patient-list Copy",
			"request": {
				"method": "POST",
				"header": [],
				"body": {
					"mode": "raw",
					"raw": "{\n    \"query\":\"B\",\n    \"skip\": 0,\n    \"take\":20\n}\n",
					"options": {
						"raw": {
							"language": "json"
						}
					}
				},
				"url": {
					"raw": "http://localhost:3006/auth/patient/patient-list",
					"protocol": "http",
					"host": [
						"localhost"
					],
					"port": "3006",
					"path": [
						"auth",
						"patient",
						"patient-list"
					]
				}
			},
			"response": []
		},
		{
			"name": "patient-summary-parent",
			"request": {
				"method": "POST",
				"header": [],
				"body": {
					"mode": "raw",
					"raw": "{\n    \"patient_id\": 171\n}\n",
					"options": {
						"raw": {
							"language": "json"
						}
					}
				},
				"url": {
					"raw": "http://localhost:3006/auth/patient/patient-summary-parent",
					"protocol": "http",
					"host": [
						"localhost"
					],
					"port": "3006",
					"path": [
						"auth",
						"patient",
						"patient-summary-parent"
					]
				}
			},
			"response": []
		},
		{
			"name": "identification",
			"request": {
				"method": "POST",
				"header": [],
				"body": {
					"mode": "raw",
					"raw": "{\n    \"first_name\": \"Lion\", \n    \"last_name\": \"William\",\n    \"gender\": \"M\",\n    \"birth_date\": \"2023-12-12\",\n    \"mobile_phone\": \"7891234561\",\n    \"mobile_prefix\": \"91\",\n    \"blood_type_code\": \"GS-001\",\n    \"aadhar_number\": \"123456789012\",\n    \"address\":\"Hills Floor\",\n    \"landmark\":\"Rock town\",\n    \"country\":\"IN\",\n    \"state\":\"TN\",\n    \"city\":\"Chennai\",\n    \"pincode\":\"793001\"\n}\n",
					"options": {
						"raw": {
							"language": "json"
						}
					}
				},
				"url": {
					"raw": "http://localhost:3006/auth/patient/identification",
					"protocol": "http",
					"host": [
						"localhost"
					],
					"port": "3006",
					"path": [
						"auth",
						"patient",
						"identification"
					]
				}
			},
			"response": []
		},
		{
			"name": "Login -Auth",
			"request": {
				"method": "POST",
				"header": [],
				"body": {
					"mode": "raw",
					"raw": "{\n    \"mobile_prefix\":\"91\",\n    \"mobile_phone\":\"9863099887\",\n    \"password\":\"Jack@12345\",\n    \"user_type\":\"doctor\"\n}",
					"options": {
						"raw": {
							"language": "json"
						}
					}
				},
				"url": {
					"raw": "http://localhost:3006/auth/auth/login",
					"protocol": "http",
					"host": [
						"localhost"
					],
					"port": "3006",
					"path": [
						"auth",
						"auth",
						"login"
					]
				}
			},
			"response": []
		},
		{
			"name": "serving-locations/bymedic",
			"request": {
				"method": "GET",
				"header": [],
				"url": {
					"raw": "https://stage-api.mylinkcare.org/auth/serving-locations/bymedic/21",
					"protocol": "https",
					"host": [
						"stage-api",
						"mylinkcare",
						"org"
					],
					"path": [
						"auth",
						"serving-locations",
						"bymedic",
						"21"
					]
				}
			},
			"response": []
		},
		{
			"name": "clincal-info",
			"request": {
				"method": "POST",
				"header": [],
				"body": {
					"mode": "raw",
					"raw": "{\n    \"patient_id\": 155,\n    \"appointment_id\": \"605\"\n}",
					"options": {
						"raw": {
							"language": "json"
						}
					}
				},
				"url": {
					"raw": "https://stage-api.mylinkcare.org/auth/patient/clincal-info",
					"protocol": "https",
					"host": [
						"stage-api",
						"mylinkcare",
						"org"
					],
					"path": [
						"auth",
						"patient",
						"clincal-info"
					]
				}
			},
			"response": []
		},
		{
			"name": "info",
			"request": {
				"method": "POST",
				"header": [],
				"body": {
					"mode": "raw",
					"raw": "{\n    \"patient_id\": 155,\n    \"appointment_id\": 605\n}",
					"options": {
						"raw": {
							"language": "json"
						}
					}
				},
				"url": {
					"raw": "http://localhost:3006/auth/patient/clincal-info",
					"protocol": "http",
					"host": [
						"localhost"
					],
					"port": "3006",
					"path": [
						"auth",
						"patient",
						"clincal-info"
					]
				}
			},
			"response": []
		}
	]
}