{
	"info": {
		"_postman_id": "f23f778a-2795-47c6-a315-c55b92f255a8",
		"name": "SOAP",
		"schema": "https://schema.getpostman.com/json/collection/v2.1.0/collection.json",
		"_exporter_id": "5476657"
	},
	"item": [
		{
			"name": "Soap-Entry",
			"request": {
				"method": "POST",
				"header": [],
				"body": {
					"mode": "raw",
					"raw": "{\n    \"patient_id\": 200,\n    \"appointment_id\": 123,\n    \"medic_id\":757\n}",
					"options": {
						"raw": {
							"language": "json"
						}
					}
				},
				"url": {
					"raw": "http://localhost:3006/auth/soap/entry",
					"protocol": "http",
					"host": [
						"localhost"
					],
					"port": "3006",
					"path": [
						"auth",
						"soap",
						"entry"
					]
				}
			},
			"response": []
		},
		{
			"name": "create-vital-new",
			"request": {
				"method": "POST",
				"header": [],
				"body": {
					"mode": "raw",
					"raw": "{\n    \"appointment_id\": 2,\n    \"medic_id\": 19,\n    \"patient_id\": 95,\n    \"creator_id\": 19,\n    \"creator_type\": \"Medic\",\n    \"systolic\": 35,\n    \"diastolic\": 50,\n    \"cardiac_frequency\": \"56\",\n    \"temperature\": \"5\",\n    \"respiratory_rate\": \"5\",\n    \"pain\": 5,\n    \"weight\": null,\n    \"height\": null,\n    \"bmi\": null\n}",
					"options": {
						"raw": {
							"language": "json"
						}
					}
				},
				"url": {
					"raw": "http://localhost:3006/auth/vital",
					"protocol": "http",
					"host": [
						"localhost"
					],
					"port": "3006",
					"path": [
						"auth",
						"vital"
					]
				}
			},
			"response": []
		},
		{
			"name": "Vital-Update",
			"request": {
				"method": "PATCH",
				"header": [],
				"body": {
					"mode": "raw",
					"raw": "{\n    \"appointment_id\": 2,\n    \"medic_id\": 19,\n    \"patient_id\": 95,\n    \"creator_id\": 19,\n    \"creator_type\": \"Medic\",\n    \"systolic\": 35,\n    \"diastolic\": 50,\n    \"cardiac_frequency\": \"56\",\n    \"temperature\": \"5\",\n    \"respiratory_rate\": \"5\",\n    \"pain\": 5,\n    \"weight\": null,\n    \"height\": null,\n    \"bmi\": null\n}",
					"options": {
						"raw": {
							"language": "json"
						}
					}
				},
				"url": {
					"raw": "http://localhost:3006/auth/vital/142",
					"protocol": "http",
					"host": [
						"localhost"
					],
					"port": "3006",
					"path": [
						"auth",
						"vital",
						"142"
					]
				}
			},
			"response": []
		},
		{
			"name": "delete-vital",
			"request": {
				"method": "DELETE",
				"header": [],
				"url": {
					"raw": "http://localhost:3006/auth/vital/142",
					"protocol": "http",
					"host": [
						"localhost"
					],
					"port": "3006",
					"path": [
						"auth",
						"vital",
						"142"
					]
				}
			},
			"response": []
		},
		{
			"name": "create-soap-symptom",
			"request": {
				"method": "POST",
				"header": [],
				"body": {
					"mode": "raw",
					"raw": "{\n    \"patient_id\":170,\n    \"medic_id\":175,\n    \"soap_id\": 1311,\n    \"symptom_code\":\"S002\",\n    \"since\": 1,\n    \"severity\": \"Hight\",\n    \"notes\": \"notes\"\n}",
					"options": {
						"raw": {
							"language": "json"
						}
					}
				},
				"url": {
					"raw": "http://localhost:3006/auth/soap-symptom",
					"protocol": "http",
					"host": [
						"localhost"
					],
					"port": "3006",
					"path": [
						"auth",
						"soap-symptom"
					]
				}
			},
			"response": []
		},
		{
			"name": "update-soap-symptom",
			"request": {
				"method": "PATCH",
				"header": [],
				"body": {
					"mode": "raw",
					"raw": "{\n    \"patient_id\":170,\n    \"medic_id\":175,\n    \"soap_id\": 12,\n    \"symptom_code\":\"S001\",\n    \"since\": 1,\n    \"severity\": \"High\",\n    \"notes\": \"notes\"\n}",
					"options": {
						"raw": {
							"language": "json"
						}
					}
				},
				"url": {
					"raw": "http://localhost:3006/auth/soap-symptom/1",
					"protocol": "http",
					"host": [
						"localhost"
					],
					"port": "3006",
					"path": [
						"auth",
						"soap-symptom",
						"1"
					]
				}
			},
			"response": []
		},
		{
			"name": "delete-soap-symptom",
			"request": {
				"method": "DELETE",
				"header": [],
				"url": {
					"raw": "http://localhost:3006/auth/soap-symptom/1",
					"protocol": "http",
					"host": [
						"localhost"
					],
					"port": "3006",
					"path": [
						"auth",
						"soap-symptom",
						"1"
					]
				}
			},
			"response": []
		},
		{
			"name": "soap-symptom-count",
			"request": {
				"method": "GET",
				"header": [],
				"url": {
					"raw": "http://localhost:3006/auth/soap-symptom/count",
					"protocol": "http",
					"host": [
						"localhost"
					],
					"port": "3006",
					"path": [
						"auth",
						"soap-symptom",
						"count"
					]
				}
			},
			"response": []
		},
		{
			"name": "soap-symptom-by-id",
			"request": {
				"method": "GET",
				"header": [],
				"url": {
					"raw": "http://localhost:3006/auth/soap-symptom/2",
					"protocol": "http",
					"host": [
						"localhost"
					],
					"port": "3006",
					"path": [
						"auth",
						"soap-symptom",
						"2"
					]
				}
			},
			"response": []
		},
		{
			"name": "soap-symptom",
			"request": {
				"method": "GET",
				"header": [],
				"url": {
					"raw": "http://localhost:3006/auth/soap-symptom/2",
					"protocol": "http",
					"host": [
						"localhost"
					],
					"port": "3006",
					"path": [
						"auth",
						"soap-symptom",
						"2"
					]
				}
			},
			"response": []
		},
		{
			"name": "create-allergy",
			"request": {
				"method": "POST",
				"header": [],
				"body": {
					"mode": "raw",
					"raw": "{\n     \"allergy_name_others\": \"Test\",\n   \"patient_id\": 144,\n    \"creator_id\": 123,\n    \"creator_type\": \"medic\",\n    \"severity\": 1,\n    \"medical_notes\": \"abc\",\n    \"status\": 1,\n    \"since\": 1,\n    \"since_units\": \"day\",\n    \"soap_id\": 123\n}",
					"options": {
						"raw": {
							"language": "json"
						}
					}
				},
				"url": {
					"raw": "http://localhost:3006/auth/allergy",
					"protocol": "http",
					"host": [
						"localhost"
					],
					"port": "3006",
					"path": [
						"auth",
						"allergy"
					]
				}
			},
			"response": []
		},
		{
			"name": "update-allergy",
			"request": {
				"method": "PATCH",
				"header": [],
				"body": {
					"mode": "raw",
					"raw": "{\n     \"allergy_name_others\": \"Test\",\n   \"patient_id\": 144,\n    \"creator_id\": 123,\n    \"creator_type\": \"medic\",\n    \"severity\": 1,\n    \"medical_notes\": \"abc\",\n    \"status\": 1,\n    \"since\": 1,\n    \"since_units\": \"day\",\n    \"soap_id\": 123\n}",
					"options": {
						"raw": {
							"language": "json"
						}
					}
				},
				"url": {
					"raw": "http://localhost:3006/auth/allergy/124",
					"protocol": "http",
					"host": [
						"localhost"
					],
					"port": "3006",
					"path": [
						"auth",
						"allergy",
						"124"
					]
				}
			},
			"response": []
		},
		{
			"name": "delete-allergy",
			"request": {
				"method": "DELETE",
				"header": [],
				"url": {
					"raw": "http://localhost:3006/auth/allergy/124",
					"protocol": "http",
					"host": [
						"localhost"
					],
					"port": "3006",
					"path": [
						"auth",
						"allergy",
						"124"
					]
				}
			},
			"response": []
		},
		{
			"name": "create-complete-medicine",
			"request": {
				"method": "POST",
				"header": [],
				"body": {
					"mode": "raw",
					"raw": "{\n     \"medicine_id\": 1,\n    \"pharmaceutical_form\": \"Tablet\",\n    \"dosage\": \"AF\",\n    \"time_id\": 1,\n    \"posology_id\": 1,\n    \"no_of_days\": 7,\n    \"duration_unit\": \"days\",\n    \"notes\": \"aaa\"\n}",
					"options": {
						"raw": {
							"language": "json"
						}
					}
				},
				"url": {
					"raw": "http://localhost:3006/auth/complete-medicine",
					"protocol": "http",
					"host": [
						"localhost"
					],
					"port": "3006",
					"path": [
						"auth",
						"complete-medicine"
					]
				}
			},
			"response": []
		},
		{
			"name": "update-complete-medicine/485003",
			"request": {
				"method": "PATCH",
				"header": [],
				"body": {
					"mode": "raw",
					"raw": "{\n     \"medicine_id\": 1,\n    \"pharmaceutical_form\": \"Capsule\",\n    \"dosage\": \"AF\",\n    \"time_id\": 1,\n    \"posology_id\": 1,\n    \"no_of_days\": 7,\n    \"duration_unit\": \"days\",\n    \"notes\": \"aaa\"\n}",
					"options": {
						"raw": {
							"language": "json"
						}
					}
				},
				"url": {
					"raw": "http://localhost:3006/auth/complete-medicine/485003",
					"protocol": "http",
					"host": [
						"localhost"
					],
					"port": "3006",
					"path": [
						"auth",
						"complete-medicine",
						"485003"
					]
				}
			},
			"response": []
		},
		{
			"name": "delete-complete-medicine",
			"request": {
				"method": "DELETE",
				"header": [],
				"url": {
					"raw": "http://localhost:3006/auth/complete-medicine/485003",
					"protocol": "http",
					"host": [
						"localhost"
					],
					"port": "3006",
					"path": [
						"auth",
						"complete-medicine",
						"485003"
					]
				}
			},
			"response": []
		},
		{
			"name": "create-pathology",
			"request": {
				"method": "POST",
				"header": [],
				"body": {
					"mode": "raw",
					"raw": "{\n    \"pathology_type_cd\":1,\n    \"medical_notes\":\"aaaa\",\n    \"origin_soap_id\":157,\n    \"patient_id\":123\n}",
					"options": {
						"raw": {
							"language": "json"
						}
					}
				},
				"url": {
					"raw": "http://localhost:3006/auth/pathology",
					"protocol": "http",
					"host": [
						"localhost"
					],
					"port": "3006",
					"path": [
						"auth",
						"pathology"
					]
				}
			},
			"response": []
		},
		{
			"name": "update-pathology",
			"request": {
				"method": "PATCH",
				"header": [],
				"body": {
					"mode": "raw",
					"raw": "{\n    \"pathology_type_cd\":1,\n    \"medical_notes\":\"aaaa\",\n    \"origin_soap_id\":157,\n    \"patient_id\":123\n}",
					"options": {
						"raw": {
							"language": "json"
						}
					}
				},
				"url": {
					"raw": "http://localhost:3006/auth/pathology/464",
					"protocol": "http",
					"host": [
						"localhost"
					],
					"port": "3006",
					"path": [
						"auth",
						"pathology",
						"464"
					]
				}
			},
			"response": []
		},
		{
			"name": "delete-pathology",
			"request": {
				"method": "DELETE",
				"header": [],
				"url": {
					"raw": "http://localhost:3006/auth/pathology/464",
					"protocol": "http",
					"host": [
						"localhost"
					],
					"port": "3006",
					"path": [
						"auth",
						"pathology",
						"464"
					]
				}
			},
			"response": []
		},
		{
			"name": "create-soap-advice",
			"request": {
				"method": "POST",
				"header": [],
				"body": {
					"mode": "raw",
					"raw": "{\n    \"soap_id\":123,\n    \"advice_id\":1,\n    \"patient_id\":156,\n    \"medic_id\":176\n}",
					"options": {
						"raw": {
							"language": "json"
						}
					}
				},
				"url": {
					"raw": "http://localhost:3006/auth/soap-advice",
					"protocol": "http",
					"host": [
						"localhost"
					],
					"port": "3006",
					"path": [
						"auth",
						"soap-advice"
					]
				}
			},
			"response": []
		},
		{
			"name": "delete-soap-advice",
			"request": {
				"method": "DELETE",
				"header": [],
				"url": {
					"raw": "http://localhost:3006/auth/soap-advice/2",
					"protocol": "http",
					"host": [
						"localhost"
					],
					"port": "3006",
					"path": [
						"auth",
						"soap-advice",
						"2"
					]
				}
			},
			"response": []
		},
		{
			"name": "update-soap-advice",
			"request": {
				"method": "PATCH",
				"header": [],
				"body": {
					"mode": "raw",
					"raw": "{\n    \"soap_id\":123,\n    \"advice_id\":1,\n    \"patient_id\":156,\n    \"medic_id\":176\n}",
					"options": {
						"raw": {
							"language": "json"
						}
					}
				},
				"url": {
					"raw": "http://localhost:3006/auth/soap-advice/2",
					"protocol": "http",
					"host": [
						"localhost"
					],
					"port": "3006",
					"path": [
						"auth",
						"soap-advice",
						"2"
					]
				}
			},
			"response": []
		},
		{
			"name": "update-additonal-info-soap",
			"request": {
				"method": "PATCH",
				"header": [],
				"body": {
					"mode": "raw",
					"raw": "{\n    \"follow_up\":\"2009-02-02\",\n    \"referred_by\":\"Dr. Kite\",\n    \"referred_to\":\"Dr. Jack\",\n    \"speciality\":\"test\"\n}",
					"options": {
						"raw": {
							"language": "json"
						}
					}
				},
				"url": {
					"raw": "http://localhost:3006/auth/soap/1",
					"protocol": "http",
					"host": [
						"localhost"
					],
					"port": "3006",
					"path": [
						"auth",
						"soap",
						"1"
					]
				}
			},
			"response": []
		},
		{
			"name": "update-soap-state",
			"request": {
				"method": "PATCH",
				"header": [],
				"body": {
					"mode": "raw",
					"raw": "{\n    \"state\":\"end\"\n}",
					"options": {
						"raw": {
							"language": "json"
						}
					}
				},
				"url": {
					"raw": "http://localhost:3006/auth/soap/1",
					"protocol": "http",
					"host": [
						"localhost"
					],
					"port": "3006",
					"path": [
						"auth",
						"soap",
						"1"
					]
				}
			},
			"response": []
		},
		{
			"name": "soap-preview",
			"protocolProfileBehavior": {
				"disableBodyPruning": true
			},
			"request": {
				"method": "GET",
				"header": [],
				"body": {
					"mode": "raw",
					"raw": "",
					"options": {
						"raw": {
							"language": "json"
						}
					}
				},
				"url": {
					"raw": "http://localhost:3006/auth/soap/preview/1311",
					"protocol": "http",
					"host": [
						"localhost"
					],
					"port": "3006",
					"path": [
						"auth",
						"soap",
						"preview",
						"1311"
					]
				}
			},
			"response": []
		}
	]
}